comparison,seed,n_samples,wins,losses,mean_delta_cd_zero_minus_ardc,median_delta_cd_zero_minus_ardc,bootstrap95_low,bootstrap95_high,sign_flip_p_two_sided
ARDC adaptive vs zero fine-tune saved,7,81,43,38,6.190949568042049e-06,4.785135388374329e-06,-2.1457085730852903e-05,3.491964099215873e-05,0.671916404179791
ARDC adaptive vs zero fine-tune saved,13,81,44,37,2.355360782440798e-06,3.537256270647049e-05,-3.632335107267639e-05,3.839337071518839e-05,0.8992550372481376
ARDC adaptive vs zero fine-tune saved,21,81,58,23,5.5984203002335114e-05,6.050989031791687e-05,2.192386230568827e-05,8.927870909740896e-05,0.0013499325033748313
ARDC adaptive vs zero fine-tune saved,42,81,51,30,5.734557814804124e-05,3.601890057325363e-05,2.302024743439239e-05,9.233765534044784e-05,0.0013499325033748313
ARDC adaptive vs zero fine-tune saved,pooled,324,196,128,3.04690228752148e-05,3.416091203689575e-05,1.3451344896981746e-05,4.733365925925749e-05,0.0006499675016249188
