{
  "rows": [
    {
      "seed": "7",
      "retrieval_cd": 0.017971465663041596,
      "fair_cgan_cd": 0.01620362070101647,
      "hybrid_cd": 0.01606053852096752,
      "hybrid_base_cd": 0.016163047644551152,
      "hybrid_vs_fair_pct": 0.8830259772741718,
      "hybrid_vs_retrieval_pct": 10.633117954335292,
      "fair_cgan_coverage": 0.7901234567901234,
      "hybrid_coverage": 0.8395061728395061,
      "retrieval_coverage": 0.5555555555555556,
      "fair_cgan_mmd": 0.016170380637049675,
      "hybrid_mmd": 0.016032816842198372,
      "retrieval_mmd": 0.017198938876390457,
      "fair_cgan_1nn": 0.5,
      "hybrid_1nn": 0.5
    },
    {
      "seed": "13",
      "retrieval_cd": 0.018028007015401935,
      "fair_cgan_cd": 0.01613376673632934,
      "hybrid_cd": 0.015976037347206363,
      "hybrid_base_cd": 0.016107527838077073,
      "hybrid_vs_fair_pct": 0.9776352398092337,
      "hybrid_vs_retrieval_pct": 11.382121531473254,
      "fair_cgan_coverage": 0.7530864197530864,
      "hybrid_coverage": 0.8641975308641975,
      "retrieval_coverage": 0.5432098765432098,
      "fair_cgan_mmd": 0.01608140394091606,
      "hybrid_mmd": 0.01591760665178299,
      "retrieval_mmd": 0.017104875296354294,
      "fair_cgan_1nn": 0.5123456790123457,
      "hybrid_1nn": 0.5
    },
    {
      "seed": "21",
      "retrieval_cd": 0.018259735594009174,
      "fair_cgan_cd": 0.016578330485909072,
      "hybrid_cd": 0.01630644064488602,
      "hybrid_base_cd": 0.01654701999584098,
      "hybrid_vs_fair_pct": 1.6400314932444273,
      "hybrid_vs_retrieval_pct": 10.697279481768664,
      "fair_cgan_coverage": 0.7654320987654321,
      "hybrid_coverage": 0.7654320987654321,
      "retrieval_coverage": 0.5185185185185185,
      "fair_cgan_mmd": 0.016479678452014923,
      "hybrid_mmd": 0.016225052997469902,
      "retrieval_mmd": 0.017208436504006386,
      "fair_cgan_1nn": 0.5308641975308642,
      "hybrid_1nn": 0.5
    },
    {
      "seed": "42",
      "retrieval_cd": 0.017986154942600814,
      "fair_cgan_cd": 0.016201856569099574,
      "hybrid_cd": 0.01598481069330448,
      "hybrid_base_cd": 0.016179919978718697,
      "hybrid_vs_fair_pct": 1.3396358304334604,
      "hybrid_vs_retrieval_pct": 11.127137821748018,
      "fair_cgan_coverage": 0.691358024691358,
      "hybrid_coverage": 0.8395061728395061,
      "retrieval_coverage": 0.4444444444444444,
      "fair_cgan_mmd": 0.01615455374121666,
      "hybrid_mmd": 0.01595267467200756,
      "retrieval_mmd": 0.017122557386755943,
      "fair_cgan_1nn": 0.5185185185185185,
      "hybrid_1nn": 0.5061728395061729
    }
  ],
  "aggregate": {
    "retrieval_cd_mean": 0.01806134080376338,
    "retrieval_cd_sd": 0.00011640671037542829,
    "fair_cgan_cd_mean": 0.01627939362308861,
    "fair_cgan_cd_sd": 0.00017487421805456843,
    "hybrid_cd_mean": 0.016081956801591094,
    "hybrid_cd_sd": 0.00013370493242371968,
    "hybrid_base_cd_mean": 0.016249378864296976,
    "hybrid_base_cd_sd": 0.00017391777735111796,
    "hybrid_vs_fair_pct_mean": 1.2100821351903233,
    "hybrid_vs_fair_pct_sd": 0.30109711890246876,
    "hybrid_vs_retrieval_pct_mean": 10.959914197331308,
    "hybrid_vs_retrieval_pct_sd": 0.3090289435559767,
    "fair_cgan_coverage_mean": 0.75,
    "fair_cgan_coverage_sd": 0.036388352230097516,
    "hybrid_coverage_mean": 0.8271604938271604,
    "hybrid_coverage_sd": 0.037037037037037035,
    "retrieval_coverage_mean": 0.5154320987654321,
    "retrieval_coverage_sd": 0.04309950630792884,
    "fair_cgan_mmd_mean": 0.01622150419279933,
    "fair_cgan_mmd_sd": 0.00015278907815914652,
    "hybrid_mmd_mean": 0.016032037790864706,
    "hybrid_mmd_sd": 0.00011900469226893903,
    "retrieval_mmd_mean": 0.01715870201587677,
    "retrieval_mmd_sd": 4.5541942762541004e-05,
    "fair_cgan_1nn_mean": 0.5154320987654322,
    "fair_cgan_1nn_sd": 0.011128244677357995,
    "hybrid_1nn_mean": 0.5015432098765432,
    "hybrid_1nn_sd": 0.002672917912914946
  }
}