{
  "summary": {
    "model": "fair_cgan_zero_finetune_saved",
    "n_seeds": 4,
    "mean_cd": 0.015893470403956778,
    "std_mean_cd": 0.00011610890806001862,
    "coverage_cd": 0.8209876543209876,
    "std_coverage_cd": 0.03266359643289617,
    "mmd_cd": 0.01585455797612667,
    "std_mmd_cd": 0.00010265778930246874,
    "one_nn_acc_cd": 0.5,
    "std_one_nn_acc_cd": 0.0,
    "diversity_cd": 0.02911385241895914,
    "std_diversity_cd": 0.000512693128736629,
    "mean_mse": 0.10276305578924991,
    "std_mean_mse": 0.0010270676429933335,
    "mean_cond_cd": 0.30360091072909623,
    "std_mean_cond_cd": 0.003311252257336349
  },
  "per_seed": [
    {
      "seed": 7,
      "model": "fair_cgan_zero_finetune_saved",
      "mean_cd": 0.015912621282041073,
      "coverage_cd": 0.8395061728395061,
      "mmd_cd": 0.01588066667318344,
      "one_nn_acc_cd": 0.5,
      "diversity_cd": 0.028846967965364456,
      "mean_mse": 0.10336854419222584,
      "mean_cond_cd": 0.30566633998611825
    },
    {
      "seed": 13,
      "model": "fair_cgan_zero_finetune_saved",
      "mean_cd": 0.01581306517538097,
      "coverage_cd": 0.8518518518518519,
      "mmd_cd": 0.015785537660121918,
      "one_nn_acc_cd": 0.5,
      "diversity_cd": 0.028887033462524414,
      "mean_mse": 0.10263393506591703,
      "mean_cond_cd": 0.29881542884273293
    },
    {
      "seed": 21,
      "model": "fair_cgan_zero_finetune_saved",
      "mean_cd": 0.016050065890598444,
      "coverage_cd": 0.7777777777777778,
      "mmd_cd": 0.01598837412893772,
      "one_nn_acc_cd": 0.5,
      "diversity_cd": 0.029882248491048813,
      "mean_mse": 0.1036798291736179,
      "mean_cond_cd": 0.3059676635412522
    },
    {
      "seed": 42,
      "model": "fair_cgan_zero_finetune_saved",
      "mean_cd": 0.015798129267806625,
      "coverage_cd": 0.8148148148148148,
      "mmd_cd": 0.015763653442263603,
      "one_nn_acc_cd": 0.5,
      "diversity_cd": 0.02883915975689888,
      "mean_mse": 0.10136991472523889,
      "mean_cond_cd": 0.3039542105462816
    }
  ]
}